title,ingredients,directions,link,source,NER,cuisine,meal_type,diet,cook_minutes,servings
Paneer Bhurji,"[""200 g paneer (crumbled)"", ""80 g onion (finely chopped)"", ""100 g tomato (chopped)"", ""5 g green chilli (chopped)"", ""5 g ginger (grated)"", ""10 g oil"", ""1 g turmeric"", ""2 g garam masala"", ""2 g salt"", ""5 g coriander leaves (chopped)""]","[""Heat oil in a pan and saute onion until soft."", ""Add ginger, green chilli and tomato; cook until the tomato breaks down."", ""Stir in turmeric, garam masala and salt."", ""Add crumbled paneer and cook for 3-4 minutes."", ""Garnish with coriander leaves and serve hot.""]",,NutriChef curated,"[""paneer"", ""onion"", ""tomato"", ""green chilli"", ""ginger"", ""oil"", ""turmeric"", ""garam masala"", ""salt"", ""coriander leaves""]",north_indian,dinner,vegetarian,20,2
Egg Bhurji,"[""200 g eggs (4 large)"", ""60 g onion (chopped)"", ""80 g tomato (chopped)"", ""5 g green chilli (chopped)"", ""10 g oil"", ""1 g turmeric"", ""2 g salt"", ""5 g coriander leaves (chopped)""]","[""Heat oil and saute onion and green chilli."", ""Add tomato, turmeric and salt; cook for 2 minutes."", ""Pour in beaten eggs and scramble on low heat until just set."", ""Garnish with coriander leaves.""]",,NutriChef curated,"[""eggs"", ""onion"", ""tomato"", ""green chilli"", ""oil"", ""turmeric"", ""salt"", ""coriander leaves""]",north_indian,breakfast,eggetarian,15,2
Dal Tadka,"[""100 g toor dal (rinsed)"", ""500 ml water"", ""50 g onion (chopped)"", ""80 g tomato (chopped)"", ""6 g garlic (chopped)"", ""2 g cumin seeds"", ""10 g oil"", ""1 g turmeric"", ""2 g red chilli powder"", ""3 g salt""]","[""Pressure-cook dal with water and turmeric for 3-4 whistles until soft."", ""Heat oil, add cumin seeds and garlic until fragrant."", ""Add onion, then tomato and chilli powder; cook until soft."", ""Pour the tempering into the dal, add salt and simmer for 5 minutes.""]",,NutriChef curated,"[""toor dal"", ""water"", ""onion"", ""tomato"", ""garlic"", ""cumin seeds"", ""oil"", ""turmeric"", ""red chilli powder"", ""salt""]",north_indian,lunch,vegan,35,3
Chana Masala,"[""150 g chickpeas (dried, soaked overnight)"", ""100 g onion (chopped)"", ""150 g tomato (pureed)"", ""8 g ginger (grated)"", ""8 g garlic (minced)"", ""15 g oil"", ""4 g chana masala powder"", ""3 g salt"", ""5 g coriander leaves""]","[""Pressure-cook soaked chickpeas until tender."", ""Heat oil and saute onion, ginger and garlic until golden."", ""Add tomato puree and chana masala; cook until oil separates."", ""Add chickpeas with some cooking water and salt; simmer 10 minutes."", ""Garnish with coriander leaves.""]",,NutriChef curated,"[""chickpeas"", ""onion"", ""tomato"", ""ginger"", ""garlic"", ""oil"", ""chana masala powder"", ""salt"", ""coriander leaves""]",north_indian,lunch,vegan,60,3
Rajma Masala,"[""150 g rajma (dried, soaked at least 8 hours)"", ""100 g onion (chopped)"", ""150 g tomato (pureed)"", ""8 g ginger (grated)"", ""8 g garlic (minced)"", ""15 g oil"", ""3 g garam masala"", ""3 g salt""]","[""Drain soaked rajma and boil vigorously (pressure-cook) until completely soft."", ""Heat oil and saute onion, ginger and garlic."", ""Add tomato puree and garam masala; cook until thick."", ""Add rajma with cooking liquid and salt; simmer 15 minutes.""]",,NutriChef curated,"[""rajma"", ""onion"", ""tomato"", ""ginger"", ""garlic"", ""oil"", ""garam masala"", ""salt""]",north_indian,lunch,vegan,75,3
Palak Paneer,"[""250 g spinach (washed)"", ""150 g paneer (cubed)"", ""60 g onion (chopped)"", ""60 g tomato (chopped)"", ""6 g garlic"", ""5 g ginger"", ""10 g oil"", ""2 g garam masala"", ""3 g salt""]","[""Blanch spinach for 2 minutes, cool and blend to a puree."", ""Heat oil and saute onion, garlic and ginger."", ""Add tomato and garam masala; cook until soft."", ""Add spinach puree and salt; simmer 5 minutes."", ""Add paneer cubes and cook 2 more minutes.""]",,NutriChef curated,"[""spinach"", ""paneer"", ""onion"", ""tomato"", ""garlic"", ""ginger"", ""oil"", ""garam masala"", ""salt""]",north_indian,dinner,vegetarian,30,2
Moong Dal Chilla,"[""100 g moong dal (soaked 3 hours)"", ""5 g ginger"", ""4 g green chilli"", ""40 g onion (finely chopped)"", ""8 g oil"", ""2 g salt""]","[""Grind soaked dal with ginger, green chilli and a little water to a smooth batter."", ""Stir in onion and salt."", ""Spread a ladle of batter on a hot oiled pan."", ""Cook both sides until golden.""]",,NutriChef curated,"[""moong dal"", ""ginger"", ""green chilli"", ""onion"", ""oil"", ""salt""]",north_indian,breakfast,vegan,30,2
Besan Chilla,"[""100 g besan"", ""40 g onion (chopped)"", ""40 g tomato (chopped)"", ""5 g coriander leaves"", ""8 g oil"", ""2 g salt"", ""120 ml water""]","[""Whisk besan, water and salt into a smooth batter."", ""Mix in onion, tomato and coriander leaves."", ""Spread on a hot oiled pan and cook both sides until golden.""]",,NutriChef curated,"[""besan"", ""onion"", ""tomato"", ""coriander leaves"", ""oil"", ""salt"", ""water""]",north_indian,breakfast,vegan,20,2
Vegetable Poha,"[""100 g poha (rinsed)"", ""50 g onion (chopped)"", ""40 g peas"", ""20 g peanuts"", ""2 g curry leaves"", ""2 g mustard seeds"", ""10 g oil"", ""1 g turmeric"", ""10 g lemon (juice)"", ""2 g salt""]","[""Rinse poha and let it soften for 5 minutes."", ""Heat oil, fry peanuts, then add mustard seeds and curry leaves."", ""Add onion and peas; cook until soft."", ""Add turmeric, salt and poha; mix gently and heat through."", ""Finish with lemon juice.""]",,NutriChef curated,"[""poha"", ""onion"", ""peas"", ""peanuts"", ""curry leaves"", ""mustard seeds"", ""oil"", ""turmeric"", ""lemon"", ""salt""]",maharashtrian,breakfast,vegan,20,2
Vegetable Upma,"[""100 g suji"", ""50 g onion (chopped)"", ""40 g carrot (diced)"", ""30 g peas"", ""10 g oil"", ""2 g mustard seeds"", ""2 g curry leaves"", ""300 ml water"", ""2 g salt""]","[""Dry-roast suji until fragrant and set aside."", ""Heat oil, add mustard seeds and curry leaves, then onion, carrot and peas."", ""Add water and salt and bring to a boil."", ""Slowly add suji while stirring; cook covered for 2-3 minutes.""]",,NutriChef curated,"[""suji"", ""onion"", ""carrot"", ""peas"", ""oil"", ""mustard seeds"", ""curry leaves"", ""water"", ""salt""]",south_indian,breakfast,vegan,25,2
Masala Oats,"[""80 g oats"", ""40 g onion (chopped)"", ""50 g tomato (chopped)"", ""30 g carrot (grated)"", ""30 g peas"", ""5 g oil"", ""300 ml water"", ""2 g salt""]","[""Heat oil and saute onion, carrot and peas."", ""Add tomato and salt; cook 2 minutes."", ""Add oats and water; simmer until creamy.""]",,NutriChef curated,"[""oats"", ""onion"", ""tomato"", ""carrot"", ""peas"", ""oil"", ""water"", ""salt""]",fusion,breakfast,vegan,15,2
Egg Curry,"[""200 g eggs (4 large, hard-boiled)"", ""100 g onion (chopped)"", ""120 g tomato (pureed)"", ""5 g ginger"", ""5 g garlic"", ""15 g oil"", ""1 g turmeric"", ""2 g red chilli powder"", ""2 g garam masala"", ""3 g salt""]","[""Heat oil and saute onion, ginger and garlic until golden."", ""Add tomato puree and spices; cook until oil separates."", ""Add a little water and salt to make a gravy."", ""Add halved boiled eggs and simmer 5 minutes.""]",,NutriChef curated,"[""eggs"", ""onion"", ""tomato"", ""ginger"", ""garlic"", ""oil"", ""turmeric"", ""red chilli powder"", ""garam masala"", ""salt""]",north_indian,dinner,eggetarian,35,2
Paneer Tikka,"[""250 g paneer (cubed)"", ""80 g curd"", ""80 g capsicum (cubed)"", ""60 g onion (cubed)"", ""10 g besan"", ""3 g red chilli powder"", ""2 g garam masala"", ""10 g lemon (juice)"", ""8 g oil"", ""3 g salt""]","[""Mix curd, besan, spices, lemon juice, oil and salt into a marinade."", ""Coat paneer, capsicum and onion and rest for 20 minutes."", ""Thread onto skewers and grill or pan-roast until charred at the edges.""]",,NutriChef curated,"[""paneer"", ""curd"", ""capsicum"", ""onion"", ""besan"", ""red chilli powder"", ""garam masala"", ""lemon"", ""oil"", ""salt""]",north_indian,snack,vegetarian,40,2
Curd Rice,"[""100 g rice"", ""200 g curd"", ""50 ml milk"", ""2 g mustard seeds"", ""2 g curry leaves"", ""4 g green chilli"", ""5 g oil"", ""2 g salt""]","[""Cook rice until very soft and let it cool."", ""Mash lightly and mix with curd, milk and salt."", ""Temper mustard seeds, curry leaves and green chilli in oil and pour over the rice.""]",,NutriChef curated,"[""rice"", ""curd"", ""milk"", ""mustard seeds"", ""curry leaves"", ""green chilli"", ""oil"", ""salt""]",south_indian,lunch,vegetarian,25,2
Jeera Rice,"[""150 g basmati rice (rinsed)"", ""10 g ghee"", ""3 g cumin seeds"", ""300 ml water"", ""2 g salt""]","[""Heat ghee and fry cumin seeds until they crackle."", ""Add rice and stir for a minute."", ""Add water and salt, cover and cook until the water is absorbed.""]",,NutriChef curated,"[""basmati rice"", ""ghee"", ""cumin seeds"", ""water"", ""salt""]",north_indian,lunch,vegetarian,25,3
Vegetable Pulao,"[""150 g basmati rice (rinsed)"", ""60 g carrot (diced)"", ""60 g peas"", ""50 g beans (chopped)"", ""50 g onion (sliced)"", ""10 g ghee"", ""2 g garam masala"", ""300 ml water"", ""3 g salt""]","[""Heat ghee and fry onion until light brown."", ""Add vegetables and garam masala; stir 2 minutes."", ""Add rice, water and salt; cover and cook until done.""]",,NutriChef curated,"[""basmati rice"", ""carrot"", ""peas"", ""beans"", ""onion"", ""ghee"", ""garam masala"", ""water"", ""salt""]",north_indian,lunch,vegetarian,35,3
Aloo Gobi,"[""200 g potato (cubed)"", ""250 g cauliflower (florets)"", ""60 g onion (chopped)"", ""80 g tomato (chopped)"", ""15 g oil"", ""1 g turmeric"", ""2 g cumin seeds"", ""3 g salt""]","[""Heat oil and add cumin seeds, then onion."", ""Add potato and cauliflower with turmeric and salt."", ""Cover and cook on low heat until tender, stirring occasionally."", ""Add tomato and cook 5 more minutes.""]",,NutriChef curated,"[""potato"", ""cauliflower"", ""onion"", ""tomato"", ""oil"", ""turmeric"", ""cumin seeds"", ""salt""]",north_indian,lunch,vegan,30,3
Bhindi Masala,"[""250 g okra (sliced)"", ""80 g onion (sliced)"", ""60 g tomato (chopped)"", ""15 g oil"", ""2 g red chilli powder"", ""2 g coriander powder"", ""2 g salt""]","[""Heat oil and cook okra uncovered until no longer sticky; set aside."", ""Saute onion, then tomato and spices."", ""Add okra back with salt and cook 5 minutes.""]",,NutriChef curated,"[""okra"", ""onion"", ""tomato"", ""oil"", ""red chilli powder"", ""coriander powder"", ""salt""]",north_indian,dinner,vegan,30,2
Baingan Bharta,"[""400 g brinjal (1 large)"", ""80 g onion (chopped)"", ""100 g tomato (chopped)"", ""6 g garlic (minced)"", ""10 g oil"", ""2 g salt""]","[""Roast brinjal over a flame until the skin chars and the flesh is soft."", ""Peel and mash the flesh."", ""Saute garlic and onion in oil, add tomato and cook until soft."", ""Add mashed brinjal and salt; cook 5 minutes.""]",,NutriChef curated,"[""brinjal"", ""onion"", ""tomato"", ""garlic"", ""oil"", ""salt""]",north_indian,dinner,vegan,40,3
Masoor Dal,"[""100 g masoor dal (rinsed)"", ""450 ml water"", ""50 g onion (chopped)"", ""60 g tomato (chopped)"", ""5 g garlic"", ""8 g oil"", ""1 g turmeric"", ""3 g salt""]","[""Simmer dal with water and turmeric until soft."", ""Saute garlic, onion and tomato in oil."", ""Combine with the dal, add salt and simmer 5 minutes.""]",,NutriChef curated,"[""masoor dal"", ""water"", ""onion"", ""tomato"", ""garlic"", ""oil"", ""turmeric"", ""salt""]",north_indian,dinner,vegan,25,3
Moong Sprouts Salad,"[""150 g moong sprouts"", ""40 g onion (chopped)"", ""50 g tomato (chopped)"", ""60 g cucumber (chopped)"", ""10 g lemon (juice)"", ""1 g salt""]","[""Steam sprouts for 3-4 minutes if you prefer them softer."", ""Toss all ingredients together and serve immediately.""]",,NutriChef curated,"[""moong sprouts"", ""onion"", ""tomato"", ""cucumber"", ""lemon"", ""salt""]",north_indian,snack,vegan,10,2
Chapati,"[""150 g atta"", ""90 ml water"", ""5 g oil"", ""1 g salt""]","[""Knead atta, salt, oil and water into a soft dough; rest 15 minutes."", ""Divide into 6 balls and roll into thin circles."", ""Cook on a hot tawa, flipping, until puffed with light brown spots.""]",,NutriChef curated,"[""atta"", ""water"", ""oil"", ""salt""]",north_indian,dinner,vegan,30,3
Cucumber Raita,"[""250 g curd"", ""80 g cucumber (grated)"", ""30 g onion (finely chopped)"", ""1 g cumin powder (roasted)"", ""1 g salt""]","[""Whisk curd until smooth."", ""Stir in cucumber, onion, cumin powder and salt."", ""Chill before serving.""]",,NutriChef curated,"[""curd"", ""cucumber"", ""onion"", ""cumin powder"", ""salt""]",north_indian,snack,vegetarian,10,3
Paneer Paratha,"[""150 g atta"", ""120 g paneer (grated)"", ""30 g onion (finely chopped)"", ""4 g green chilli"", ""15 g ghee"", ""2 g salt"", ""90 ml water""]","[""Knead atta with water and a pinch of salt; rest 15 minutes."", ""Mix paneer, onion, green chilli and salt for the filling."", ""Stuff dough balls with filling and roll out gently."", ""Cook on a tawa with ghee until golden on both sides.""]",,NutriChef curated,"[""atta"", ""paneer"", ""onion"", ""green chilli"", ""ghee"", ""salt"", ""water""]",north_indian,breakfast,vegetarian,40,3
Masala Omelette,"[""150 g eggs (3 large)"", ""40 g onion (chopped)"", ""40 g tomato (chopped)"", ""3 g green chilli"", ""3 g coriander leaves"", ""8 g oil"", ""1 g salt""]","[""Beat eggs with salt and the chopped vegetables."", ""Pour into a hot oiled pan and cook until set."", ""Fold and serve.""]",,NutriChef curated,"[""eggs"", ""onion"", ""tomato"", ""green chilli"", ""coriander leaves"", ""oil"", ""salt""]",north_indian,breakfast,eggetarian,10,1
Soya Chunks Curry,"[""80 g soya chunks"", ""80 g onion (chopped)"", ""100 g tomato (pureed)"", ""12 g oil"", ""2 g garam masala"", ""2 g salt""]","[""Boil soya chunks for 5 minutes, drain and squeeze out the water."", ""Saute onion in oil, add tomato puree and garam masala."", ""Add soya chunks, salt and a little water; simmer 10 minutes.""]",,NutriChef curated,"[""soya chunks"", ""onion"", ""tomato"", ""oil"", ""garam masala"", ""salt""]",north_indian,dinner,vegan,30,2
Tofu Bhurji,"[""200 g tofu (crumbled)"", ""60 g onion (chopped)"", ""60 g tomato (chopped)"", ""4 g green chilli"", ""8 g oil"", ""1 g turmeric"", ""2 g salt""]","[""Saute onion and green chilli in oil."", ""Add tomato, turmeric and salt; cook 2 minutes."", ""Add tofu and cook 4-5 minutes, stirring.""]",,NutriChef curated,"[""tofu"", ""onion"", ""tomato"", ""green chilli"", ""oil"", ""turmeric"", ""salt""]",fusion,breakfast,vegan,15,2
Banana Oats Smoothie,"[""40 g oats"", ""120 g banana (1 medium)"", ""250 ml milk"", ""10 g almonds""]","[""Blend all ingredients until smooth."", ""Serve immediately.""]",,NutriChef curated,"[""oats"", ""banana"", ""milk"", ""almonds""]",fusion,breakfast,vegetarian,5,1
Vegetable Sambar,"[""80 g toor dal"", ""50 g carrot (chopped)"", ""60 g brinjal (chopped)"", ""50 g onion (chopped)"", ""60 g tomato (chopped)"", ""10 g tamarind (pulp)"", ""8 g sambar powder"", ""8 g oil"", ""2 g mustard seeds"", ""2 g curry leaves"", ""3 g salt"", ""600 ml water""]","[""Pressure-cook dal until soft and mash."", ""Boil vegetables with tamarind, sambar powder, salt and water until tender."", ""Add dal and simmer 5 minutes."", ""Temper mustard seeds and curry leaves in oil and pour over.""]",,NutriChef curated,"[""toor dal"", ""carrot"", ""brinjal"", ""onion"", ""tomato"", ""tamarind"", ""sambar powder"", ""oil"", ""mustard seeds"", ""curry leaves"", ""salt"", ""water""]",south_indian,lunch,vegan,45,3
Mushroom Matar,"[""200 g mushroom (sliced)"", ""100 g peas"", ""80 g onion (chopped)"", ""100 g tomato (pureed)"", ""12 g oil"", ""2 g garam masala"", ""2 g salt""]","[""Saute onion in oil until golden."", ""Add tomato puree and garam masala; cook until thick."", ""Add mushroom and peas with salt; cook 8-10 minutes.""]",,NutriChef curated,"[""mushroom"", ""peas"", ""onion"", ""tomato"", ""oil"", ""garam masala"", ""salt""]",north_indian,dinner,vegan,30,2
